{"errors":[],"warnings":[],"namedChunkGroups":{"app":{"chunks":[7,0,2],"assets":["webpack-runtime-83d92d3d6596f6d075e8.js","webpack-runtime-83d92d3d6596f6d075e8.js.map","styles.a195f834ddd4947b0c63.css","styles-f883542745739d1bf83f.js","styles-f883542745739d1bf83f.js.map","app-8e050d76ce5e6b19c8f6.js","app-8e050d76ce5e6b19c8f6.js.map"],"children":{},"childAssets":{}},"component---node-modules-gatsby-plugin-offline-app-shell-js":{"chunks":[3],"assets":["component---node-modules-gatsby-plugin-offline-app-shell-js-646fab0bf46730231cef.js","component---node-modules-gatsby-plugin-offline-app-shell-js-646fab0bf46730231cef.js.map"],"children":{},"childAssets":{}},"component---src-pages-404-js":{"chunks":[0,1,4],"assets":["styles.a195f834ddd4947b0c63.css","styles-f883542745739d1bf83f.js","styles-f883542745739d1bf83f.js.map","1-0920908c132a4309807c.js","1-0920908c132a4309807c.js.map","component---src-pages-404-js-9db557308249160e1d92.js","component---src-pages-404-js-9db557308249160e1d92.js.map"],"children":{},"childAssets":{}},"component---src-pages-index-js":{"chunks":[0,1,5],"assets":["styles.a195f834ddd4947b0c63.css","styles-f883542745739d1bf83f.js","styles-f883542745739d1bf83f.js.map","1-0920908c132a4309807c.js","1-0920908c132a4309807c.js.map","component---src-pages-index-js-d0eb6e514fd76fbac142.js","component---src-pages-index-js-d0eb6e514fd76fbac142.js.map"],"children":{},"childAssets":{}},"component---src-pages-page-2-js":{"chunks":[0,1,6],"assets":["styles.a195f834ddd4947b0c63.css","styles-f883542745739d1bf83f.js","styles-f883542745739d1bf83f.js.map","1-0920908c132a4309807c.js","1-0920908c132a4309807c.js.map","component---src-pages-page-2-js-9ef340c4d7e39f3a295f.js","component---src-pages-page-2-js-9ef340c4d7e39f3a295f.js.map"],"children":{},"childAssets":{}}},"assetsByChunkName":{"app":["webpack-runtime-83d92d3d6596f6d075e8.js","styles.a195f834ddd4947b0c63.css","styles-f883542745739d1bf83f.js","app-8e050d76ce5e6b19c8f6.js"],"component---node-modules-gatsby-plugin-offline-app-shell-js":["component---node-modules-gatsby-plugin-offline-app-shell-js-646fab0bf46730231cef.js"],"component---src-pages-404-js":["styles.a195f834ddd4947b0c63.css","styles-f883542745739d1bf83f.js","1-0920908c132a4309807c.js","component---src-pages-404-js-9db557308249160e1d92.js"],"component---src-pages-index-js":["styles.a195f834ddd4947b0c63.css","styles-f883542745739d1bf83f.js","1-0920908c132a4309807c.js","component---src-pages-index-js-d0eb6e514fd76fbac142.js"],"component---src-pages-page-2-js":["styles.a195f834ddd4947b0c63.css","styles-f883542745739d1bf83f.js","1-0920908c132a4309807c.js","component---src-pages-page-2-js-9ef340c4d7e39f3a295f.js"]}}